,amfi_code,return_1yr_pct,return_3yr_pct,return_5yr_pct,benchmark_3yr_pct,alpha,beta,sharpe_ratio,sortino_ratio,std_dev_ann_pct,max_drawdown_pct,aum_crore,expense_ratio_pct,morningstar_rating
count,40.0,40.0,40.0,40.0,40.0,40.0,40.0,40.0,40.0,40.0,40.0,40.0,40.0,40.0
mean,120247.0,14.376,14.088999999999999,14.516749999999998,12.835500000000001,1.2535,0.8732500000000002,1.3617500000000002,2.0825,14.9625,-19.20025,26091.6,1.237,4.25
std,14534.998667231115,4.883023338371109,4.6172534848749365,4.4540211664609375,4.740971960284634,0.4474116443357051,0.2248462437607828,1.475804669689361,2.2031443147907654,6.669282339433299,8.819164006982254,13809.11133960993,0.38658398762387913,0.7424837043882184
min,100016.0,4.26,5.14,5.43,3.96,0.51,0.22,0.8,1.03,0.5,-33.5,979.0,0.55,3.0
25%,118632.75,11.735,12.035,12.34,10.690000000000001,0.8875,0.89,0.865,1.27,14.0,-25.0625,17400.5,0.7875000000000001,4.0
50%,119551.5,14.620000000000001,14.205,14.185,13.09,1.205,0.96,0.925,1.4449999999999998,14.0,-20.6,26713.0,1.4249999999999998,4.0
75%,120842.25,16.392500000000002,15.8825,17.585,14.775,1.7,1.0,0.985,1.6375,19.0,-14.254999999999999,38125.0,1.54,5.0
max,149324.0,24.93,23.39,23.8,22.16,1.98,1.04,7.68,10.37,25.0,-2.23,49046.0,1.64,5.0
